{"schemaVersion":"1.0","appDefinitionTemplate":{"id":"/providers/Microsoft.PowerApps/apps/","type":"Microsoft.PowerApps/apps","tags":{"primaryDeviceWidth":"640","primaryDeviceHeight":"1136","sienaVersion":"20200913T082453Z-3.20085.19.0","deviceCapabilities":"","supportsPortrait":"true","supportsLandscape":"false","primaryFormFactor":"Phone","publisherVersion":"3.20085.19","minimumRequiredApiVersion":"2.2.0","hasComponent":"false","hasUnlockedComponent":"false","isUnifiedRootApp":"false"},"properties":{"appVersion":"2020-09-13T08:24:53Z","lifeCycleId":"Published","createdByClientVersion":{"major":3,"minor":20085,"build":19,"revision":0,"majorRevision":0,"minorRevision":0},"minClientVersion":{"major":3,"minor":20085,"build":19,"revision":0,"majorRevision":0,"minorRevision":0},"backgroundColor":"rgba(0, 176, 240, 1)","backgroundImageUri":"/6449927302363171191/Ne79823df-3683-45c1-a30d-f559888e7e9c-logoSmallFile","displayName":"App","description":"","commitMessage":"","appUris":{"documentUri":{"value":"/6449927302363171191/Nbacdbb0e-e7c3-4555-8430-98473906e498-document.msapp","readonlyValue":"/6449927302363171191/Nbacdbb0e-e7c3-4555-8430-98473906e498-document.msapp"},"imageUris":[]},"createdTime":"0001-01-01T00:00:00Z","lastModifiedTime":"0001-01-01T00:00:00Z","sharedGroupsCount":0,"sharedUsersCount":0,"icons":{"smallIconUri":"/6449927302363171191/N4258052c-ac51-4e64-b20a-abedbe2814d2-small.png","mediumIconUri":"/6449927302363171191/N71aeb783-6046-455b-af91-d1af6b9510c9-medium.png","largeIconUri":"/6449927302363171191/N375e4304-dcc7-4bae-a1cb-0297e4135899-large.png","wideIconUri":"/6449927302363171191/N6de3aa89-f6d4-4412-b024-2de3bc923997-wide.png"},"connectionReferences":{"83e189b4-83a2-4213-ab0f-dfe9f48e7bca":{"id":"182d8abc-5784-46ce-9d32-edf14b604214","displayName":"Excel","iconUri":"https://connectoricons-prod.azureedge.net/excel/icon_1.0.1352.2014.png","dataSources":["Table1","Liabilities_1"],"dependencies":["763a2c2f-8119-4f65-99b5-904dfc437c22"],"dependents":[],"parameterHints":{"763a2c2f-8119-4f65-99b5-904dfc437c22":{"value":"fileSource"}},"isOnPremiseConnection":false,"dataSets":{"b!URm0A46EhkSBNWfjcvX0BFQLD_ZoVTFLuZ4AJoJUB5SkFOOIez2WT6_1szTLvZPl.01IRPCTDVSVYGC4XTI7BG2ZXHUCL3S56QB":{"dataSources":{"Table1":{"tableName":"Table1"},"Liabilities_1":{"tableName":"Liabilities"}}}},"apiTier":"Standard","isCustomApiConnection":false},"763a2c2f-8119-4f65-99b5-904dfc437c22":{"id":"263007d7-e643-48a3-b58b-125dd0eb3667","displayName":"OneDrive for Business","iconUri":"https://connectoricons-prod.azureedge.net/onedriveforbusiness/icon_1.0.1341.1987.png","dataSources":[],"dependencies":[],"dependents":["83e189b4-83a2-4213-ab0f-dfe9f48e7bca"],"parameterHints":{},"isOnPremiseConnection":false,"dataSets":{},"apiTier":"Standard","isCustomApiConnection":false},"194fb9d8-e4d8-4927-94ce-e18f32b2f4ec":{"id":"182d8abc-5784-46ce-9d32-edf14b604214","displayName":"Excel","iconUri":"https://connectoricons-prod.azureedge.net/excel/icon_1.0.1352.2014.png","dataSources":["Table1_1","Assets_1"],"dependencies":["3235448f-529d-4a28-a775-94079a2dece4"],"dependents":[],"parameterHints":{"3235448f-529d-4a28-a775-94079a2dece4":{"value":"fileSource"}},"isOnPremiseConnection":false,"dataSets":{"b!URm0A46EhkSBNWfjcvX0BFQLD_ZoVTFLuZ4AJoJUB5SkFOOIez2WT6_1szTLvZPl.01IRPCTDVSVYGC4XTI7BG2ZXHUCL3S56QB":{"dataSources":{"Table1_1":{"tableName":"Table1"},"Assets_1":{"tableName":"Assets"}}}},"apiTier":"Standard","isCustomApiConnection":false},"3235448f-529d-4a28-a775-94079a2dece4":{"id":"263007d7-e643-48a3-b58b-125dd0eb3667","displayName":"OneDrive for Business","iconUri":"https://connectoricons-prod.azureedge.net/onedriveforbusiness/icon_1.0.1341.1987.png","dataSources":[],"dependencies":[],"dependents":["194fb9d8-e4d8-4927-94ce-e18f32b2f4ec"],"parameterHints":{},"isOnPremiseConnection":false,"dataSets":{},"apiTier":"Standard","isCustomApiConnection":false}},"databaseReferences":{},"almMode":"Environment","performanceOptimizationEnabled":true,"canConsumeAppPass":true},"isAppComponentLibrary":false,"appType":"ClassicCanvasApp","appComponents":[]}}